,,,,,,Specification,,,,,,Image,,
SL NO,Product name,Short Description,Details,Per Unit Price,SKU,Country of Manufacture,Color,Brand,Warranty Information,Model,BTU/h & Type,image path,Image name,Category
1,Midea MSM 12 HRI Inveter Split Type Air Conditoner - 1 Ton,"Power Supply V~, Hz, Ph: 220-240, 50, 1
Inverter Type: 3D DC
Cooling Capacity Rated Btu/h: 12000
Cooling Capacity Rated kW: 7.0
SEER W/W: 6.2
SCOP Avg./Warm/Cold W/W: 4.0/5.1/--
Tol °C: -15","Midea MSM12 1 Ton Air Conditioner can be a perfect choice for you and your family with its cutting-edge features. This 1 ton AC can be a suitable addition to your home or your office during those hot summer months.

The power systems are made in the “universal” and modern design, familiar to most users, the development was carried out on the basis of data for the study of consumer needs around the world. Remote controller with the “revolutionary” ergonomic design, which is a manufacturer called «Arctic Fox – including setting with indoor units. The development of forms and functional remote control and to attract the best world experts in the field of ergonomics and industrial design, display remote indicator has increased by 27% the area of display graphics, system icons. Units at  Mission series are available as a split system with inverter-type compressor and capacities  9,12,18,24 Btu/h, with a special new “Diamond” design of the outdoor unit, as well as the indoor units of multi-split “Free-match” DC-inverter systems, with a capacity  9, 12, 18 Btu/h.

",35000,,China,White,MIDEA,Compressor: 2 years; Spare Parts: 1 year; After Sales Service: 1 year,MSM 12,12000 BTU/h SPLIT TYPE,E:\Noor Trade,"media-1-ton-air-conditioner-2_1_2_2.jpg, media-1-ton-air-conditioner-7_1_2_2.jpg, media-1-ton-air-conditioner-1_1_2_2.jpg, media-1-ton-air-conditioner-6_1_2_2.jpg, media-1-ton-air-conditioner-3_1_2_2.jpg","Flow & Level Control>Heating & Cooling>Air Conditioners, Home Appliances>Air Conditioner"
2,Midea MSM 18 HRI Inveter Split Type Air Conditoner- 1.5 Ton,"Power Supply: 1Ph,220~230V, 50Hz
Control: Remote
Function: Cooling
Capacity (BTU/h) :18000
Input Watt: 1800
Air Flow (m3 /h) :530
","Midea MSM18 1.5 Ton Air Conditioner can be a perfect choice for you and your family with its cutting-edge features. This 1.5 ton AC can be a suitable addition to your home or your office during those hot summer months.

The power systems are made in the “universal” and modern design, familiar to most users, the development was carried out on the basis of data for the study of consumer needs around the world. Remote controller with the “revolutionary” ergonomic design, which is a manufacturer called «Arctic Fox – including setting with indoor units.

Indoor Unit 
Air Flow Volume m3/h: 1080/850/600
Sound Pressure Noise Level H/M/L dB(A): 48/43/39
Outdoor
Sound Power Noise Level Hi dB(A): 64
Sound Pressure Noise Level Hi dB(A): 62
Sound Power Noise Level Hi dB(A): 69",42000,,China,White,MIDEA,Compressor: 2 years; Spare Parts: 1 year; After Sales Service: 1 year,MSM 18,18000 BTU/h SPLIT TYPE,E:\Noor Trade,"media-1-ton-air-conditioner-2_1_1_1_1.jpg, media-1-ton-air-conditioner-3_1_1_1_1.jpg, media-1-ton-air-conditioner-6_1_1_1_1.jpg, media-1-ton-air-conditioner-7_1_1_1_1.jpg","Flow & Level Control>Heating & Cooling>Air Conditioners, Home Appliances>Air Conditioner"
3,Midea MSM 24 HRI Inveter Split Type Air Conditoner - 2 Ton,"
Model: MSM-24HRI
Capacity: 2 ton
Power Supply: 220-240V~ 50Hz, 1Ph
Cooling Capacity: 24000 btu
Heating Capacity: 26000 btu
Max Input consumption: 3700w
Compressor Type: Rotary
Remote Control
","Auto Restart Function, Temp Compensation, Turbo Mode, Cold Catalyst Filter, Sleep Mode, Anti-rust Cabinet, Independent Dehumidification, Louber Position Memory Function, Diamond Shape Outdoor.The power systems are made in the “universal” and modern design, familiar to most users, the development was carried out on the basis of data for the study of consumer needs around the world. Remote controller with the “revolutionary” ergonomic design, which is a manufacturer called Arctic Fox – including setting with indoor units. The development of forms and functional remote control and to attract the best world experts in the field of ergonomics and industrial design, display remote indicator has increased by 27% the area of display graphics, system icons.This type of air conditioners is the most popular as a compressor and a condenser cooling fan (located in the outer, “street” block) are separated from the evaporator blower (located in the interior, “indoor” unit).

",56000,,China,White,MIDEA,Compressor: 2 years; Spare Parts: 1 year; After Sales Service: 1 year,MSM 24,24000 BTU/h SPLIT TYPE,E:\Noor Trade,9aaf517637743b38b987d5212f270df2.jpg,"Flow & Level Control>Heating & Cooling>Air Conditioners, Home Appliances>Air Conditioner"
4,Midea MSA 30 CRN1 Non Inveter Split Type Air Conditoner - 2.5 Ton,"
Model: MSA-30CRN1
Capacity: 2.5 ton
Power Supply: 220-240V- 50Hz, 1Ph
Cooling Capacity: 30000 btu
Max Input consumption: 4500W
Compressor Type: Rotary
Remote Control
","Auto Restart Function, Temp Compensation, Turbo Mode, Cold Catalyst Filter, Sleep Mode, Anti-rust Cabinet, Independent Dehumidification, Louber Position Memory Function, Diamond Shape Outdoor.The power systems are made in the “universal” and modern design, familiar to most users, the development was carried out on the basis of data for the study of consumer needs around the world. Remote controller with the “revolutionary” ergonomic design, which is a manufacturer called Arctic Fox – including setting with indoor units. The development of forms and functional remote control and to attract the best world experts in the field of ergonomics and industrial design, display remote indicator has increased by 27% the area of display graphics, system icons. This type of air conditioners is the most popular as a compressor and a condenser cooling fan are separated from the evaporator blower.

",71550,,China,White,MIDEA,Compressor: 2 years; Spare Parts: 1 year; After Sales Service: 1 year,MSA 30 CRN1,30000 BTU/h SPLIT TYPE,E:\Noor Trade,9aaf517637743b38b987d5212f270df2.jpg,"Flow & Level Control>Heating & Cooling>Air Conditioners, Home Appliances>Air Conditioner"
5,Midea MSM 12 HRI Inveter Split Type Air Conditoner - 1 Ton,"Model: MSM-12 HRI
Capacity: 1 ton
Power Supply: 220-240V~ 50Hz, 1Ph
Cooling Capacity: 12000 btu
Heating Capacity: 13000 btu
Max Input consumption: 2050w
Compressor Type: Rotary
Remote Control","Auto Restart Function, Temp Compensation, Turbo Mode, Cold Catalyst Filter, Sleep Mode, Anti-rust Cabinet, Independent Dehumidification, Louber Position Memory Function, Diamond Shape Outdoor.The power systems are made in the “universal” and modern design, familiar to most users, the development was carried out on the basis of data for the study of consumer needs around the world. Remote controller with the “revolutionary” ergonomic design, which is a manufacturer called Arctic Fox – including setting with indoor units. The development of forms and functional remote control and to attract the best world experts in the field of ergonomics and industrial design, display remote indicator has increased by 27% the area of display graphics, system icons.This type of air conditioners is the most popular as a compressor and a condenser cooling fan (located in the outer, “street” block) are separated from the evaporator blower (located in the interior, “indoor” unit).

",39150,,China,White,MIDEA,Compressor: 2 years; Spare Parts: 1 year; After Sales Service: 1 year,MSM 12 HRI,12000 BTU/h SPLIT TYPE INVERTER,E:\Noor Trade,9aaf517637743b38b987d5212f270df2.jpg,"Flow & Level Control>Heating & Cooling>Air Conditioners, Home Appliances>Air Conditioner"
6,Midea MSM 18 HRI Inveter Split Type Air Conditoner- 1.5 Ton,"Model: MSM-18HRI
Capacity: 1.5 ton
Power Supply: 220-240V~ 50Hz, 1Ph
Cooling Capacity: 18000 btu
Heating Capacity: 19000 btu
Max Input consumption: 2750w
Compressor Type: Rotary
Remote Control","Auto Restart Function, Temp Compensation, Turbo Mode, Cold Catalyst Filter, Sleep Mode, Anti-rust Cabinet, Independent Dehumidification, Louber Position Memory Function, Diamond Shape Outdoor.The power systems are made in the “universal” and modern design, familiar to most users, the development was carried out on the basis of data for the study of consumer needs around the world. Remote controller with the “revolutionary” ergonomic design, which is a manufacturer called Arctic Fox – including setting with indoor units. The development of forms and functional remote control and to attract the best world experts in the field of ergonomics and industrial design, display remote indicator has increased by 27% the area of display graphics, system icons.This type of air conditioners is the most popular as a compressor and a condenser cooling fan (located in the outer, “street” block) are separated from the evaporator blower (located in the interior, “indoor” unit).

",49950,,China,White,MIDEA,Compressor: 2 years; Spare Parts: 1 year; After Sales Service: 1 year,MSM 18 HRI,18000 BTU/h SPLIT TYPE INVERTER,E:\Noor Trade,9aaf517637743b38b987d5212f270df2.jpg,"Flow & Level Control>Heating & Cooling>Air Conditioners, Home Appliances>Air Conditioner"
7,Midea MSM 24 HRI Inveter Split Type Air Conditoner - 2 Ton,"Model: MSM-24HRI
Capacity: 2 ton
Power Supply: 220-240V~ 50Hz, 1Ph
Cooling Capacity: 24000 btu
Heating Capacity: 26000 btu
Max Input consumption: 3700w
Compressor Type: Rotary
Remote Control","Auto Restart Function, Temp Compensation, Turbo Mode, Cold Catalyst Filter, Sleep Mode, Anti-rust Cabinet, Independent Dehumidification, Louber Position Memory Function, Diamond Shape Outdoor.The power systems are made in the “universal” and modern design, familiar to most users, the development was carried out on the basis of data for the study of consumer needs around the world. Remote controller with the “revolutionary” ergonomic design, which is a manufacturer called Arctic Fox – including setting with indoor units. The development of forms and functional remote control and to attract the best world experts in the field of ergonomics and industrial design, display remote indicator has increased by 27% the area of display graphics, system icons.This type of air conditioners is the most popular as a compressor and a condenser cooling fan (located in the outer, “street” block) are separated from the evaporator blower (located in the interior, “indoor” unit).

",63450,,China,White,MIDEA,Compressor: 2 years; Spare Parts: 1 year; After Sales Service: 1 year,MSM 24 HRI,24000 BTU/h SPLIT TYPE INVERTER,E:\Noor Trade,9aaf517637743b38b987d5212f270df2.jpg,"Flow & Level Control>Heating & Cooling>Air Conditioners, Home Appliances>Air Conditioner"
8,Midea MUB-36CR Ceiling Type Air Conditoner - 3 Ton,"Model: MUB 36 CRN1
Capacity: 3 ton
Power Supply: 220-240V~ 50Hz, 1Ph
Cooling Capacity: 36000 btu
Compressor Type: Rotary
Remote Control","MIDEA 3.0 TON CEILING TYPE AC

Brand: MIDEA

Origin: CHINA 

Assembled: CHINA 

Condition: Brand New

Type: Split Ceiling

Capacity: 36000BTU/Hr

Coverage- 250 - 360 Sqft

Some feature:

Auto Fan Speed

Auto Mode

Auto Swing

Sleep Mode

Remote Screen Display Light",94500,,China,White,MIDEA,Compressor: 2 years; Spare Parts: 1 year; After Sales Service: 1 year,MUB 36 CRN1,36000 BTU/h CEILING TYPE,E:\Noor Trade,ceiling.jpg,"Flow & Level Control>Heating & Cooling>Air Conditioners, Home Appliances>Air Conditioner"
9,Midea MUB-48CR Ceiling Type Air Conditoner - 4 Ton,"Model: MUB 48 CRN1
Capacity: 4 ton
Power Supply: 220-240V~ 50Hz, 1Ph
Cooling Capacity: 48000 btu
Compressor Type: Rotary
Remote Control","Model: MUB 48 CRN1
Capacity: 4 ton
Power Supply: 220-240V~ 50Hz, 1Ph
Cooling Capacity: 48000 btu
Compressor Type: Rotary
Remote Control",108000,,China,White,MIDEA,Compressor: 2 years; Spare Parts: 1 year; After Sales Service: 1 year,MUB 48 CRN1,48000 BTU/h CEILING TYPE,E:\Noor Trade,ceiling.jpg,"Flow & Level Control>Heating & Cooling>Air Conditioners, Home Appliances>Air Conditioner"
10,Midea MUB-60CR Ceiling Type Air Conditoner - 5 Ton,"Model: MUB 60 CRN1
Capacity: 5 ton
Power Supply: 220-240V~ 50Hz, 1Ph
Cooling Capacity: 60000 btu
Compressor Type: Rotary
Remote Control","Model: MUB 60 CRN1
Capacity: 5 ton
Power Supply: 220-240V~ 50Hz, 1Ph
Cooling Capacity: 60000 btu
Compressor Type: Rotary
Remote Control",130000,,China,White,MIDEA,Compressor: 2 years; Spare Parts: 1 year; After Sales Service: 1 year,MUB 60 CRN1,60000 BTU/h CEILING TYPE,E:\Noor Trade,ceiling.jpg,"Flow & Level Control>Heating & Cooling>Air Conditioners, Home Appliances>Air Conditioner"
11,Midea MCA 18 CRN1 Cassette Type Air Conditoner - 1.5 Ton,"Noise Level Indoor: 50 DB
Media Cassette Ac 1.5 Ton :-
Air Direction Control.
Selectable Control Modes.
Supreme Energy Efficiency.
Dehumidifier Function.
Lowest to 0.5W Standby.
Remote Screen Display Light.
Auto fan Speed.Mute Operation.
Temperature Adjustment Digital.
Compact Design and Fashion Metal Panel.
Sleep mode.
Dry Mode.
Bio Filter.
Auto Swing.
Smart sensor.
Anti VOC filter.
3-in-1 Filter.
Auto Restart.
Auto on Timer.
","Noise Level Indoor: 50 DB
Media Cassette Ac 1.5 Ton :-
Air Direction Control.
Selectable Control Modes.
Supreme Energy Efficiency.
Dehumidifier Function.
Lowest to 0.5W Standby.
Remote Screen Display Light.
Auto fan Speed.Mute Operation.
Temperature Adjustment Digital.
Compact Design and Fashion Metal Panel.
Sleep mode.
Dry Mode.
Bio Filter.
Auto Swing.
Smart sensor.
Anti VOC filter.
3-in-1 Filter.
Auto Restart.
Auto on Timer.
",60750,,China,White,MIDEA,Compressor: 2 years; Spare Parts: 1 year; After Sales Service: 1 year,MCA 18 CRN1,18000 BTU/h CASSETE TYPE,E:\Noor Trade,cassette.jpg,"Flow & Level Control>Heating & Cooling>Air Conditioners, Home Appliances>Air Conditioner"
12,Midea MCA 24 CRN1 Cassette Type Air Conditoner - 2 Ton,"Noise Level Indoor: 50 DB
Media Cassette Ac 2 Ton :-
Air Direction Control.
Selectable Control Modes.
Supreme Energy Efficiency.
Dehumidifier Function.
Lowest to 0.5W Standby.
Remote Screen Display Light.
Auto fan Speed.Mute Operation.
Temperature Adjustment Digital.
Compact Design and Fashion Metal Panel.
Sleep mode.
Dry Mode.
Bio Filter.
Auto Swing.
Smart sensor.
Anti VOC filter.
3-in-1 Filter.
Auto Restart.
Auto on Timer.
","Noise Level Indoor: 50 DB
Media Cassette Ac 2 Ton :-
Air Direction Control.
Selectable Control Modes.
Supreme Energy Efficiency.
Dehumidifier Function.
Lowest to 0.5W Standby.
Remote Screen Display Light.
Auto fan Speed.Mute Operation.
Temperature Adjustment Digital.
Compact Design and Fashion Metal Panel.
Sleep mode.
Dry Mode.
Bio Filter.
Auto Swing.
Smart sensor.
Anti VOC filter.
3-in-1 Filter.
Auto Restart.
Auto on Timer.
",74250,,China,White,MIDEA,Compressor: 2 years; Spare Parts: 1 year; After Sales Service: 1 year,MCA 24 CRN1,24000 BTU/h CASSETE TYPE,E:\Noor Trade,cassette.jpg,"Flow & Level Control>Heating & Cooling>Air Conditioners, Home Appliances>Air Conditioner"
13,Midea MCA 30 CRN1 Cassette Type Air Conditoner - 2.5 Ton,"Noise Level Indoor: 50 DB
Media Cassette Ac 2.5 Ton :-
Air Direction Control.
Selectable Control Modes.
Supreme Energy Efficiency.
Dehumidifier Function.
Lowest to 0.5W Standby.
Remote Screen Display Light.
Auto fan Speed.Mute Operation.
Temperature Adjustment Digital.
Compact Design and Fashion Metal Panel.
Sleep mode.
Dry Mode.
Bio Filter.
Auto Swing.
Smart sensor.
Anti VOC filter.
3-in-1 Filter.
Auto Restart.
Auto on Timer.
","Noise Level Indoor: 50 DB
Media Cassette Ac 2.5 Ton :-
Air Direction Control.
Selectable Control Modes.
Supreme Energy Efficiency.
Dehumidifier Function.
Lowest to 0.5W Standby.
Remote Screen Display Light.
Auto fan Speed.Mute Operation.
Temperature Adjustment Digital.
Compact Design and Fashion Metal Panel.
Sleep mode.
Dry Mode.
Bio Filter.
Auto Swing.
Smart sensor.
Anti VOC filter.
3-in-1 Filter.
Auto Restart.
Auto on Timer.
",87750,,China,White,MIDEA,Compressor: 2 years; Spare Parts: 1 year; After Sales Service: 1 year,MCA 30 CRN1,30000 BTU/h CASSETE TYPE,E:\Noor Trade,cassette.jpg,"Flow & Level Control>Heating & Cooling>Air Conditioners, Home Appliances>Air Conditioner"
14,Midea MCA 36 CRN1 Cassette Type Air Conditoner - 3 Ton,"Noise Level Indoor: 50 DB
Media Cassette Ac 3 Ton :-
Air Direction Control.
Selectable Control Modes.
Supreme Energy Efficiency.
Dehumidifier Function.
Lowest to 0.5W Standby.
Remote Screen Display Light.
Auto fan Speed.Mute Operation.
Temperature Adjustment Digital.
Compact Design and Fashion Metal Panel.
Sleep mode.
Dry Mode.
Bio Filter.
Auto Swing.
Smart sensor.
Anti VOC filter.
3-in-1 Filter.
Auto Restart.
Auto on Timer.
","Noise Level Indoor: 50 DB
Media Cassette Ac 3 Ton :-
Air Direction Control.
Selectable Control Modes.
Supreme Energy Efficiency.
Dehumidifier Function.
Lowest to 0.5W Standby.
Remote Screen Display Light.
Auto fan Speed.Mute Operation.
Temperature Adjustment Digital.
Compact Design and Fashion Metal Panel.
Sleep mode.
Dry Mode.
Bio Filter.
Auto Swing.
Smart sensor.
Anti VOC filter.
3-in-1 Filter.
Auto Restart.
Auto on Timer.
",94500,,China,White,MIDEA,Compressor: 2 years; Spare Parts: 1 year; After Sales Service: 1 year,MCA 36 CRN1,36000 BTU/h CASSETE TYPE,E:\Noor Trade,cassette.jpg,"Flow & Level Control>Heating & Cooling>Air Conditioners, Home Appliances>Air Conditioner"
15,Midea MCA 48 CRN1 Cassette Type Air Conditoner - 4 Ton,"Noise Level Indoor: 50 DB
Media Cassette Ac 4 Ton :-
Air Direction Control.
Selectable Control Modes.
Supreme Energy Efficiency.
Dehumidifier Function.
Lowest to 0.5W Standby.
Remote Screen Display Light.
Auto fan Speed.Mute Operation.
Temperature Adjustment Digital.
Compact Design and Fashion Metal Panel.
Sleep mode.
Dry Mode.
Bio Filter.
Auto Swing.
Smart sensor.
Anti VOC filter.
3-in-1 Filter.
Auto Restart.
Auto on Timer.
","Noise Level Indoor: 50 DB
Media Cassette Ac 4 Ton :-
Air Direction Control.
Selectable Control Modes.
Supreme Energy Efficiency.
Dehumidifier Function.
Lowest to 0.5W Standby.
Remote Screen Display Light.
Auto fan Speed.Mute Operation.
Temperature Adjustment Digital.
Compact Design and Fashion Metal Panel.
Sleep mode.
Dry Mode.
Bio Filter.
Auto Swing.
Smart sensor.
Anti VOC filter.
3-in-1 Filter.
Auto Restart.
Auto on Timer.
",108000,,China,White,MIDEA,Compressor: 2 years; Spare Parts: 1 year; After Sales Service: 1 year,MCA 48 CRN1,48000 BTU/h CASSETE TYPE,E:\Noor Trade,cassette.jpg,"Flow & Level Control>Heating & Cooling>Air Conditioners, Home Appliances>Air Conditioner"
16,Midea MCA 60 CRN1 Cassette Type Air Conditoner - 5 Ton,"Noise Level Indoor: 50 DB
Media Cassette Ac 5 Ton :-
Air Direction Control.
Selectable Control Modes.
Supreme Energy Efficiency.
Dehumidifier Function.
Lowest to 0.5W Standby.
Remote Screen Display Light.
Auto fan Speed.Mute Operation.
Temperature Adjustment Digital.
Compact Design and Fashion Metal Panel.
Sleep mode.
Dry Mode.
Bio Filter.
Auto Swing.
Smart sensor.
Anti VOC filter.
3-in-1 Filter.
Auto Restart.
Auto on Timer.
","Noise Level Indoor: 50 DB
Media Cassette Ac 5 Ton :-
Air Direction Control.
Selectable Control Modes.
Supreme Energy Efficiency.
Dehumidifier Function.
Lowest to 0.5W Standby.
Remote Screen Display Light.
Auto fan Speed.Mute Operation.
Temperature Adjustment Digital.
Compact Design and Fashion Metal Panel.
Sleep mode.
Dry Mode.
Bio Filter.
Auto Swing.
Smart sensor.
Anti VOC filter.
3-in-1 Filter.
Auto Restart.
Auto on Timer.
",130000,,China,White,MIDEA,Compressor: 2 years; Spare Parts: 1 year; After Sales Service: 1 year,MCA 60 CRN1,60000 BTU/h CASSETE TYPE,E:\Noor Trade,cassette.jpg,"Flow & Level Control>Heating & Cooling>Air Conditioners, Home Appliances>Air Conditioner"
17,Midea MHC 60 CRN1 Duct Type Air Conditoner - 5 Ton,"Noise Level Indoor: 50 DB
Media Duct Type Ac 5 Ton :-
Air Direction Control.
Selectable Control Modes.
Supreme Energy Efficiency.
Dehumidifier Function.
Lowest to 0.5W Standby.
Remote Screen Display Light.
Auto fan Speed.Mute Operation.
Temperature Adjustment Digital.
Compact Design and Fashion Metal Panel.
Sleep mode.
Dry Mode.
Bio Filter.
Auto Swing.
Smart sensor.
Anti VOC filter.
3-in-1 Filter.
Auto Restart.
Auto on Timer.
","Noise Level Indoor: 50 DB
Media Duct Type Ac 5 Ton :-
Air Direction Control.
Selectable Control Modes.
Supreme Energy Efficiency.
Dehumidifier Function.
Lowest to 0.5W Standby.
Remote Screen Display Light.
Auto fan Speed.Mute Operation.
Temperature Adjustment Digital.
Compact Design and Fashion Metal Panel.
Sleep mode.
Dry Mode.
Bio Filter.
Auto Swing.
Smart sensor.
Anti VOC filter.
3-in-1 Filter.
Auto Restart.
Auto on Timer.
",130000,,China,White,MIDEA,Compressor: 2 years; Spare Parts: 1 year; After Sales Service: 1 year,MHC 60 CRN1,60000 BTU/h DUCT TYPE,E:\Noor Trade,duct.jpg,"Flow & Level Control>Heating & Cooling>Air Conditioners, Home Appliances>Air Conditioner"
18,Midea MTA 96 CR Duct Type Air Conditoner - 8 Ton,"Noise Level Indoor: 50 DB
Media Duct Type Ac 8 Ton :-
Air Direction Control.
Selectable Control Modes.
Supreme Energy Efficiency.
Dehumidifier Function.
Lowest to 0.5W Standby.
Remote Screen Display Light.
Auto fan Speed.Mute Operation.
Temperature Adjustment Digital.
Compact Design and Fashion Metal Panel.
Sleep mode.
Dry Mode.
Bio Filter.
Auto Swing.
Smart sensor.
Anti VOC filter.
3-in-1 Filter.
Auto Restart.
Auto on Timer.
","Noise Level Indoor: 50 DB
Media Duct Type Ac 8 Ton :-
Air Direction Control.
Selectable Control Modes.
Supreme Energy Efficiency.
Dehumidifier Function.
Lowest to 0.5W Standby.
Remote Screen Display Light.
Auto fan Speed.Mute Operation.
Temperature Adjustment Digital.
Compact Design and Fashion Metal Panel.
Sleep mode.
Dry Mode.
Bio Filter.
Auto Swing.
Smart sensor.
Anti VOC filter.
3-in-1 Filter.
Auto Restart.
Auto on Timer.
",260000,,China,White,MIDEA,Compressor: 2 years; Spare Parts: 1 year; After Sales Service: 1 year,MTA 96 CR,96000 BTU/h DUCT TYPE,E:\Noor Trade,duct.jpg,"Flow & Level Control>Heating & Cooling>Air Conditioners, Home Appliances>Air Conditioner"
19,Midea MTA 96 CR Duct Type Air Conditoner - 10 Ton,"Noise Level Indoor: 50 DB
Media Duct Type Ac 10 Ton :-
Air Direction Control.
Selectable Control Modes.
Supreme Energy Efficiency.
Dehumidifier Function.
Lowest to 0.5W Standby.
Remote Screen Display Light.
Auto fan Speed.Mute Operation.
Temperature Adjustment Digital.
Compact Design and Fashion Metal Panel.
Sleep mode.
Dry Mode.
Bio Filter.
Auto Swing.
Smart sensor.
Anti VOC filter.
3-in-1 Filter.
Auto Restart.
Auto on Timer.
","Noise Level Indoor: 50 DB
Media Duct Type Ac 10 Ton :-
Air Direction Control.
Selectable Control Modes.
Supreme Energy Efficiency.
Dehumidifier Function.
Lowest to 0.5W Standby.
Remote Screen Display Light.
Auto fan Speed.Mute Operation.
Temperature Adjustment Digital.
Compact Design and Fashion Metal Panel.
Sleep mode.
Dry Mode.
Bio Filter.
Auto Swing.
Smart sensor.
Anti VOC filter.
3-in-1 Filter.
Auto Restart.
Auto on Timer.
",312000,,China,White,MIDEA,Compressor: 2 years; Spare Parts: 1 year; After Sales Service: 1 year,MTA 120 CR,120000 BTU/h DUCT TYPE,E:\Noor Trade,duct.jpg,"Flow & Level Control>Heating & Cooling>Air Conditioners, Home Appliances>Air Conditioner"
20,Midea MFS 24 CR Floor Type Air Conditoner - 2 Ton,"Noise Level Indoor: 50 DB
Media Floor Type Ac 2 Ton :-
Air Direction Control.
Selectable Control Modes.
Supreme Energy Efficiency.
Dehumidifier Function.
Lowest to 0.5W Standby.
Remote Screen Display Light.
Auto fan Speed.Mute Operation.
Temperature Adjustment Digital.
Compact Design and Fashion Metal Panel.
Sleep mode.
Dry Mode.
Bio Filter.
Auto Swing.
Smart sensor.
Anti VOC filter.
3-in-1 Filter.
Auto Restart.
Auto on Timer.
","Noise Level Indoor: 50 DB
Media Floor Type Ac 2 Ton :-
Air Direction Control.
Selectable Control Modes.
Supreme Energy Efficiency.
Dehumidifier Function.
Lowest to 0.5W Standby.
Remote Screen Display Light.
Auto fan Speed.Mute Operation.
Temperature Adjustment Digital.
Compact Design and Fashion Metal Panel.
Sleep mode.
Dry Mode.
Bio Filter.
Auto Swing.
Smart sensor.
Anti VOC filter.
3-in-1 Filter.
Auto Restart.
Auto on Timer.
",74250,,China,White,MIDEA,Compressor: 2 years; Spare Parts: 1 year; After Sales Service: 1 year,MFS 24 CR,24000 BTU/h FLOOR TYPE,E:\Noor Trade,floor-standing.jpg,"Flow & Level Control>Heating & Cooling>Air Conditioners, Home Appliances>Air Conditioner"
21,Midea MFS 48 CR Floor Type Air Conditoner - 4 Ton,"Noise Level Indoor: 50 DB
Media Floor Type Ac 4 Ton :-
Air Direction Control.
Selectable Control Modes.
Supreme Energy Efficiency.
Dehumidifier Function.
Lowest to 0.5W Standby.
Remote Screen Display Light.
Auto fan Speed.Mute Operation.
Temperature Adjustment Digital.
Compact Design and Fashion Metal Panel.
Sleep mode.
Dry Mode.
Bio Filter.
Auto Swing.
Smart sensor.
Anti VOC filter.
3-in-1 Filter.
Auto Restart.
Auto on Timer.
","Noise Level Indoor: 50 DB
Media Floor Type Ac 4 Ton :-
Air Direction Control.
Selectable Control Modes.
Supreme Energy Efficiency.
Dehumidifier Function.
Lowest to 0.5W Standby.
Remote Screen Display Light.
Auto fan Speed.Mute Operation.
Temperature Adjustment Digital.
Compact Design and Fashion Metal Panel.
Sleep mode.
Dry Mode.
Bio Filter.
Auto Swing.
Smart sensor.
Anti VOC filter.
3-in-1 Filter.
Auto Restart.
Auto on Timer.
",101250,,China,White,MIDEA,Compressor: 2 years; Spare Parts: 1 year; After Sales Service: 1 year,MFS 48 CR,48000 BTU/h FLOOR TYPE,E:\Noor Trade,floor-standing.jpg,"Flow & Level Control>Heating & Cooling>Air Conditioners, Home Appliances>Air Conditioner"
22,Midea MFG 60 HRN1 Floor Type Air Conditoner - 5 Ton,"Noise Level Indoor: 50 DB
Media Floor Type Ac 5 Ton :-
Air Direction Control.
Selectable Control Modes.
Supreme Energy Efficiency.
Dehumidifier Function.
Lowest to 0.5W Standby.
Remote Screen Display Light.
Auto fan Speed.Mute Operation.
Temperature Adjustment Digital.
Compact Design and Fashion Metal Panel.
Sleep mode.
Dry Mode.
Bio Filter.
Auto Swing.
Smart sensor.
Anti VOC filter.
3-in-1 Filter.
Auto Restart.
Auto on Timer.
","Noise Level Indoor: 50 DB
Media Floor Type Ac 5 Ton :-
Air Direction Control.
Selectable Control Modes.
Supreme Energy Efficiency.
Dehumidifier Function.
Lowest to 0.5W Standby.
Remote Screen Display Light.
Auto fan Speed.Mute Operation.
Temperature Adjustment Digital.
Compact Design and Fashion Metal Panel.
Sleep mode.
Dry Mode.
Bio Filter.
Auto Swing.
Smart sensor.
Anti VOC filter.
3-in-1 Filter.
Auto Restart.
Auto on Timer.
",130000,,China,White,MIDEA,Compressor: 2 years; Spare Parts: 1 year; After Sales Service: 1 year,MFG 60 HRN1,60000 BTU/h FLOOR TYPE,E:\Noor Trade,floor-standing.jpg,"Flow & Level Control>Heating & Cooling>Air Conditioners, Home Appliances>Air Conditioner"
23,Midea MWF 18 CM Window Type Air Conditoner - 1.5 Ton,"Model   MWF-18CM
Country of Origin   Beijiao, Shunde, Foshan Guangdong (China).
Assembled   Midea Corporation,China.
Power Supply  Ph-V-Hz 220-240V-50Hz,1Ph
Cooling Capacity Btu/hr 18000
Coverage space space 150 square Feet, Normal
Input W 1800
Rated Current A 8.5
EER W/W 2.41
Moisture Removal  Lr/hr 1.5
Room Air Circulation (Hi/Mi/Lo) M3/hr 780/690/570
Power Consumption Cooling KW 2.19
Noise Level (Hi/Mi/Lo)  dB(A) 57/54/51
Dimension (W×H×D)  Mm 660×428×680
Net Weight  Kg 48
Permissible Range of outdoor Temp. ®C 18-43
","Model   MWF-18CM
Country of Origin   Beijiao, Shunde, Foshan Guangdong (China).
Assembled   Midea Corporation,China.
Power Supply  Ph-V-Hz 220-240V-50Hz,1Ph
Cooling Capacity Btu/hr 18000
Coverage space space 150 square Feet, Normal
Input W 1800
Rated Current A 8.5
EER W/W 2.41
Moisture Removal  Lr/hr 1.5
Room Air Circulation (Hi/Mi/Lo) M3/hr 780/690/570
Power Consumption Cooling KW 2.19
Noise Level (Hi/Mi/Lo)  dB(A) 57/54/51
Dimension (W×H×D)  Mm 660×428×680
Net Weight  Kg 48
Permissible Range of outdoor Temp. ®C 18-43
",36450,,China,White,MIDEA,Compressor: 2 years; Spare Parts: 1 year; After Sales Service: 1 year,MWF 18 CM,18000 BTU/h WINDOW TYPE,E:\Noor Trade,window.jpg,"Flow & Level Control>Heating & Cooling>Air Conditioners, Home Appliances>Air Conditioner"
24,Midea MWF 24 CM Window Type Air Conditoner - 1.5 Ton,"Model   MWF-24CM
Country of Origin   Beijiao, Shunde, Foshan Guangdong (China).
Assembled   Midea Corporation,China.
Power Supply  Ph-V-Hz 220-240V-50Hz,1Ph
Cooling Capacity Btu/hr 24000
Coverage space space 220 square Feet, Normal
Input W 2200
Rated Current A 12
EER W/W 2.41
Moisture Removal  Lr/hr 1.8
Room Air Circulation (Hi/Mi/Lo) M3/hr 800/730/670
Power Consumption Cooling KW 2.68
Noise Level (Hi/Mi/Lo)  dB(A) 60/57/54
Dimension (W×H×D)  Mm 660×428×680
Net Weight  Kg 57
Permissible Range of outdoor Temp. ®C 18-43
","Model   MWF-24CM
Country of Origin   Beijiao, Shunde, Foshan Guangdong (China).
Assembled   Midea Corporation,China.
Power Supply  Ph-V-Hz 220-240V-50Hz,1Ph
Cooling Capacity Btu/hr 24000
Coverage space space 220 square Feet, Normal
Input W 2200
Rated Current A 12
EER W/W 2.41
Moisture Removal  Lr/hr 1.8
Room Air Circulation (Hi/Mi/Lo) M3/hr 800/730/670
Power Consumption Cooling KW 2.68
Noise Level (Hi/Mi/Lo)  dB(A) 60/57/54
Dimension (W×H×D)  Mm 660×428×680
Net Weight  Kg 57
Permissible Range of outdoor Temp. ®C 18-43
",43200,,China,White,MIDEA,Compressor: 2 years; Spare Parts: 1 year; After Sales Service: 1 year,MWF 24 CM,24000 BTU/h WINDOW TYPE,E:\Noor Trade,window.jpg,"Flow & Level Control>Heating & Cooling>Air Conditioners, Home Appliances>Air Conditioner"
25,Midea MWF 12 CMP Portable Type Air Conditoner - 1 Ton,"Advanced Double Hose System.
Compact and Portable, (Remote+LCD Display).
Energy efficiency class: A.
12000 BTU/h (1 Ton).
Air Refresher option.
Dehumidifying function.
Auto restart and Follow Me function.
One Year Compressor, Parts and service warranty.
","Technical Detail specifications: Midea MWF12 Portable 1 Ton Air Conditioner
Model Number: (International): MWF12CMP
Air Conditioner Type: Cooling
Capacity of COOLING: 12000 BTU/h
Power Type/Voltage/Phase: 220-240,50, 1
Power Input Cooling W: 1000
Air Flow (m3/hr): 440 m3/hr
Cooling Mode: Turbo Cooling
Star Rating: 4
Moisture Removal:  Ltr/hr (2.8)
Noise Calculations: Indoor Unit: dB (36dB)
Total Weight        Net/Gross (Kg): Indoor Unit: 30 KG
Packing Dimensions   L X W X H (mm): Indoor unit: 600 x 380 x 560
Rated Current: 7.1A
",33750,,China,White,MIDEA,Compressor: 2 years; Spare Parts: 1 year; After Sales Service: 1 year,MWF 12 CMP,12000 BTU/h PORTABLE AC,E:\Noor Trade,portable1.jpg,"Flow & Level Control>Heating & Cooling>Air Conditioners, Home Appliances>Air Conditioner"
26,Midea Dehumidifier MDDG-30DEN1,"Dehumidifier Volume 30 Letter.
Auto defrosting once there are frost.
Water Full Indicator.
Removable tank: approx. 4.7L.
24-hour timer.
220V and 50HZ.
For rooms up to 90 m².
","Technical Detail specifications: Midea Dehumidifier MDDG-30DEN1.
Product Type: Dehumidifier
Model Number: (International): MDDG-30DEN1
Power Supply: 220v/50Hz
Dehumidifier Volume: 30 Letter
Input Power Consumption: 580W
Fan Speed: 3
Country of Origin: China
Energy Saving Mood: Yes
Water Tank Volume: 4.7L
",16875,,China,White,MIDEA,Compressor: 2 years; Spare Parts: 1 year; After Sales Service: 1 year,MDDG-30DEN1,Moisture Removal Capacity 30L/Day,E:\Noor Trade,portable2.jpg,"Flow & Level Control>Heating & Cooling>Air Conditioners, Home Appliances>Air Conditioner"
27,General 1.5 Ton Window Type AC AXGT18,"Capacity: 1.5 Ton (18,000 BTU)
Manual Control
High energy efficiency
Advanced technology
Advanced Hyper Tropical Specifications","CAPACITY : 1.5 Ton

BTU : 18000BTU

REMOTE CONTROL : No

INPUT POWER (V/Φ/HZ) : 220-240 V ~ 50 Hz

POWER CONSUMPTION (KW) : 1.78-1.94

EER : 2.87-2.68

RUNNING CURRENT (A) : 8.4-8.5

MOISTURE REMOVAL (LITER/H) : 2.0

ROOM AIR CIRCULATION (M³/H) : 900-970

DIMENSIONS H / W / D (MM) : 455 × 670 × 710

WEIGHT (KG) : 53

REFRIGERANT : R22

",54000,,China,White,GENERAL,Compressor: 2 years; Spare Parts: 1 year; After Sales Service: 1 year,AXG 18 FHTA,18000 BTU/h WINDOW TYPE,E:\Noor Trade,General-Window-Type-AC-AXGS-18ABTH-Price-in-BD.jpg,"Flow & Level Control>Heating & Cooling>Air Conditioners, Home Appliances>Air Conditioner"
28,General 2 Ton Window Type AC 24 AXG 24 FHTA,"Capacity: 2.0 Ton (24,000 BTU)
Manual Control
High energy efficiency
Advanced technology
Advanced Hyper Tropical Specifications","CAPACITY : 2.0 Ton

BTU : 24000BTU

REMOTE CONTROL : Yes

POWER SOURCE (V/Φ/HZ) : 230/1/50

POWER CONSUMPTION (KW) : 2.36

EER : 2.58

RUNNING CURRENT (A) : 10.5

MOISTURE REMOVAL (LITER/H) : 2.6

ROOM AIR CIRCULATION (M³/H) : 950

DIMENSIONS H / W / D (MM) : 455 × 670 × 710

WEIGHT (KG) : 61

OPERATION RANGE (°CDB) : 21 to 55

REFRIGERANT : R22

",67500,,China,White,GENERAL,Compressor: 2 years; Spare Parts: 1 year; After Sales Service: 1 year,AXG 24 FHTA,24000 BTU/h WINDOW TYPE,E:\Noor Trade,24-fhta-b.png,"Flow & Level Control>Heating & Cooling>Air Conditioners, Home Appliances>Air Conditioner"
29,General 1 Ton Split Type AC ASH12USCCW,"Precise LR.
3 D Airflow.
 Intelligent Eye.
Air Swing system double.
Super Quiet Mode Function.
 Excellent Air-Filtering System.
Temperature Adjustment Digital.
Negative air ions deodorizing filter.
Anti-Fungus & Bactria.
LED Wireless Remote Control.
Compact & Smart Shape.
24 Hour On/Off Timer.
Auto restarts function.
Comfort Mode.
LED Wireless Remote Control.
24 Hour On/Off Timer.
Self Diagnosis &Digital Display.

","Origin Fujitsu General Ltd. (Japan)
Assembled by China.
New Modle General ASH12USCCW Ton
Exact BTU 12,000
Coverage Space 100-120 sft.
Energy Saving Unit Neno Technology (Advance).
Star Rating 5 Star
Cooling Capacity 1 Watts (3,400)
Cooling Capacity 2 BTU/hr (12,000)
Moisture Removal Ltr/hr (2.6)
Airflow- High 1 M3/h (640)
Airflow- High 2 cfm (380)
Power Supply Volts/Q/Hz (220-240/1/50)
Running Current AMP Amps (4.84)
Power Consumption Watts (1080)
EER w/w (3.14)
Indoor Unit Net Weigh Kg (8)
Outdoor Unit Net weight kg (30)
Noise Level (Indoor Unit) dB (32dB)
Pipe Length Maximum m ,15(10)
Operating Temperature Deg.C (46 Deg.C)
Refrigerant Gas  (R- 410A)
Compressor Hyper Tropical Rotary.(Advance)
",54000,,China,White,GENERAL,Compressor: 2 years; Spare Parts: 1 year; After Sales Service: 1 year,ASH12USCCW,12000 BTU/h SPLIT TYPE,E:\Noor Trade,general-1-ton-split-28r410a-29-ash12usccw.jpg,"Flow & Level Control>Heating & Cooling>Air Conditioners, Home Appliances>Air Conditioner"
30,General 1.5 Ton Split AC ASGA18 FETA,"Up / down swing flaps
Coanda Airflow technology
Auto restart
Wireless remote controller
Program timer
","Key Feature
Brand :   O General
Product Specification
Condensor Type :   Copper
Type of AC :   Split
Performance Parameters
Nominal Capacity (in Ton) :   1.5
Nominal Capacity Range :   1.5 Ton
Star Rating :   3 Star
Convenience
Remote Controller :   Yes
",70200,,China,White,GENERAL,Compressor: 2 years; Spare Parts: 1 year; After Sales Service: 1 year,ASGA18 FETA,18000 BTU/h SPLIT TYPE,E:\Noor Trade,1-5-o-general-split-asga18ftta-original-imadw65fs8pbze7r.jpeg,"Flow & Level Control>Heating & Cooling>Air Conditioners, Home Appliances>Air Conditioner"
31,General 2 Ton Split AC ASGA18 FETA,"Type of AC : Split
Nominal Capacity (in Ton) : 2
Star Rating : 3 Star","Product Specification
Condensor Type :   Copper
Type of AC :   Split
Performance Parameters
Nominal Capacity (in Ton) :   2
Nominal Capacity Range :   1 - 2 Ton
Star Rating :   3 Star
Convenience
Remote Controller :   Yes",83700,,China,White,GENERAL,Compressor: 2 years; Spare Parts: 1 year; After Sales Service: 1 year,ASGA24 FETA,24000 BTU/h SPLIT TYPE,E:\Noor Trade,1-5-o-general-split-asga18ftta-original-imadw65fs8pbze7r.jpeg,"Flow & Level Control>Heating & Cooling>Air Conditioners, Home Appliances>Air Conditioner"
32,General 3 Ton Split AC ASGA 30 FETA,"Capacity: 3.0 Ton (36,000 BTU)
Powerful Cooling
Tropical Specifications
Eco-friendly R410A Gas
Low Noise Design","CAPACITY : 3.0 Ton

BTU : 36000BTU

OUTDOOR UNIT MODEL : AOGA36FETAS

POWER SOURCE (V/Ø/HZ) : 220-240/1/50

COOLING INPUT POWER (KW) : 3.26-3.23

EER (COOLING) : 11.04-11.15

RUNNING CURRENT (A) : 14.4-15.0

MOISTURE REMOVAL (I/H) : 7.9

INDOOR AIRFLOW RATE (M3/H) : 1,520

NET DIMENSION - INDOOR (H X W X D) (MM) : 340 × 1150 × 280

NET DIMENSION - OUTDOOR (H X W X D) (MM) : 1,290 × 900 × 330

NET WEIGHT - INDOOR (KG) : 17

NET WEIGHT - OUTDOOR (KG) : 100

REFRIGERANT : R410A

",130000,,China,White,GENERAL,Compressor: 2 years; Spare Parts: 1 year; After Sales Service: 1 year,ASGA 30 FETA,30000 BTU/h SPLIT TYPE,E:\Noor Trade,General-Wall-Type-AC-ASGA-36FETAZ-Price-in-BD.jpg,"Flow & Level Control>Heating & Cooling>Air Conditioners, Home Appliances>Air Conditioner"
33,General 2 Ton Cassette Type AC AUG 25 ABAR,"Capacity: 2.0 Ton (25,000 BTU)
2-4 Way Air Flow System
4-Step Swing
Powerful Cooling
Easy Maintenance Design","BTU : 25000BTU

CAPACITY : 2.0 Ton

OUTDOOR UNIT MODEL : AOG25ANAL

POWER SOURCE (V/Ø/HZ) : 220-240/1/50

COOLING INPUT POWER (KW) : 2.66-2.75

EER (COOLING) : 2.63-2.58

RUNNING CURRENT (A) : 13.00-12.70

MOISTURE REMOVAL (I/H) : 2.5

INDOOR AIRFLOW RATE (M3/H) : 1,100

NET DIMENSION - INDOOR (H X W X D) (MM) : 246 x 830 x 830

NET DIMENSION - OUTDOOR (H X W X D) (MM) : 700 x 900 x 350

NET WEIGHT - INDOOR (KG) : 34.0

NET WEIGHT - OUTDOOR (KG) : 67.0

PIPING CONNECTIONS (SMALL / LARGE) (MM) : 9.52/15.88

DRAIN PIPE DIAMETER (I.D./O.D.) (MM) : 25.0/32.0

OPERATION RANGE (°CDB) : 0 to 43

REFRIGERANT : R22

",118800,,China,White,GENERAL,Compressor: 2 years; Spare Parts: 1 year; After Sales Service: 1 year,AUG 25 ABAR,25000 BTU/h CASSETE TYPE,E:\Noor Trade,General-Cassette-Type-AC-AUG-25ABAR-Price-in-BD.jpg,"Flow & Level Control>Heating & Cooling>Air Conditioners, Home Appliances>Air Conditioner"
34,General 3.0 Ton Cassette Type AC AUG-36 ABAS,"Capacity: 3.0 Ton (36,000 BTU)
2-4 Way Air Flow System
4-Step Swing
Powerful Cooling
Easy Maintenance Design","BTU : 36000BTU

CAPACITY : 3.0 Ton

OUTDOOR UNIT MODEL : AOG36APA3L

POWER SOURCE (V/Ø/HZ) : 380-415/3/50

COOLING INPUT POWER (KW) : 3.70-3.80

EER (COOLING) : 2.78-2.76

RUNNING CURRENT (A) : 6.50

MOISTURE REMOVAL (I/H) : 5.0

INDOOR AIRFLOW RATE (M3/H) : 1,500

NET DIMENSION - INDOOR (H X W X D) (MM) : 296 x 830 x 830

NET DIMENSION - OUTDOOR (H X W X D) (MM) : 1,152 x 940 x 370

NET WEIGHT - INDOOR (KG) : 40.0

NET WEIGHT - OUTDOOR (KG) : 94.0

PIPING CONNECTIONS (SMALL / LARGE) (MM) : 9.52/19.05

DRAIN PIPE DIAMETER (I.D./O.D.) (MM) : 25.0/32.0

OPERATION RANGE (°CDB) : 0 to 52

REFRIGERANT : R22

",175500,,China,White,GENERAL,Compressor: 2 years; Spare Parts: 1 year; After Sales Service: 1 year,AUG 36 ABAS,36000 BTU/h CASSETE TYPE,E:\Noor Trade,General-Cassette-Type-AC-AUG-25ABAR-Price-in-BD.jpg,"Flow & Level Control>Heating & Cooling>Air Conditioners, Home Appliances>Air Conditioner"
35,General 4 Ton Cassette Type AC AUG-45 ABAS,"Capacity: 4.0 Ton (45,000 BTU)
2-4 Way Air Flow System
4-Step Swing
Powerful Cooling
Easy Maintenance Design","BTU : 45000BTU

CAPACITY : 4.0 Ton

OUTDOOR UNIT MODEL : AOG45APA3L

POWER SOURCE (V/Ø/HZ) : 380-415/3/50

COOLING INPUT POWER (KW) : 4.35-4.45

EER (COOLING) : 2.85

RUNNING CURRENT (A) : 8.10-8.30

MOISTURE REMOVAL (I/H) : 6.0

INDOOR AIRFLOW RATE (M3/H) : 1,650

NET DIMENSION - INDOOR (H X W X D) (MM) : 296 x 830 x 830

NET DIMENSION - OUTDOOR (H X W X D) (MM) : 1,152 x 940 x 370

NET WEIGHT - INDOOR (KG) : 40.0

NET WEIGHT - OUTDOOR (KG) : 102.0

PIPING CONNECTIONS (SMALL / LARGE) (MM) : 9.52/19.05

DRAIN PIPE DIAMETER (I.D./O.D.) (MM) : 25.0/32.0

OPERATION RANGE (°CDB) : 0 to 52

REFRIGERANT : R22

",188500,,China,White,GENERAL,Compressor: 2 years; Spare Parts: 1 year; After Sales Service: 1 year,AUG 45 ABAS,45000 BTU/h CASSETE TYPE,E:\Noor Trade,General-Cassette-Type-AC-AUG-25ABAR-Price-in-BD.jpg,"Flow & Level Control>Heating & Cooling>Air Conditioners, Home Appliances>Air Conditioner"
36,General 4.5 Ton Cassette Type AC AUG-54 ABAS,"Capacity: 4.5 Ton (54,000 BTU)
2-4 Way Air Flow System
4-Step Swing
Powerful Cooling
Easy Maintenance Design","BTU : 54000BTU

CAPACITY : 4.5 Ton

OUTDOOR UNIT MODEL : AOG54APA3L

POWER SOURCE (V/Ø/HZ) : 380-415/3/50

COOLING INPUT POWER (KW) : 5.20-5.25

EER (COOLING) : 2.67-2.69

RUNNING CURRENT (A) : 9.00-8.90

MOISTURE REMOVAL (I/H) : 6.0

INDOOR AIRFLOW RATE (M3/H) : 1,780

NET DIMENSION - INDOOR (H X W X D) (MM) : 296 x 830 x 830

NET DIMENSION - OUTDOOR (H X W X D) (MM) : 1,152 x 940 x 370

NET WEIGHT - INDOOR (KG) : 40.0

NET WEIGHT - OUTDOOR (KG) : 112.0

PIPING CONNECTIONS (SMALL / LARGE) (MM) : 9.52/19.05

DRAIN PIPE DIAMETER (I.D./O.D.) (MM) : 25.0/32.0

OPERATION RANGE (°CDB) : 0 to 52

REFRIGERANT : R22

",201500,,China,White,GENERAL,Compressor: 2 years; Spare Parts: 1 year; After Sales Service: 1 year,AUG 54 ABAS,54000 BTU/h CASSETE TYPE,E:\Noor Trade,General-Cassette-Type-AC-AUG-25ABAR-Price-in-BD.jpg,"Flow & Level Control>Heating & Cooling>Air Conditioners, Home Appliances>Air Conditioner"
37,General 3.0 Ton Ceiling Type AC ABG 36 FBAG,"Capacity: 3.0 Ton (36,000 BTU)
Powerful Cooling
Slim and Compact Design
Double Auto Swing
Wide and Long Airflow","BTU : 36000BTU

CAPACITY : 3.0 Ton

OUTDOOR UNIT MODEL : AOG36APA3L

POWER SOURCE (V/Ø/HZ) : 380-415/3/50

COOLING INPUT POWER (KW) : 3.80-3.90

EER (COOLING) : 2.71-2.69

RUNNING CURRENT (A) : 7.00-7.20

MOISTURE REMOVAL (I/H) : 4.0

INDOOR AIRFLOW RATE (M3/H) : 1,660

NET DIMENSION - INDOOR (H X W X D) (MM) : 240 x 1,660 x 700

NET DIMENSION - OUTDOOR (H X W X D) (MM) : 1,152 x 940 x 370

NET WEIGHT - INDOOR (KG) : 48.0

NET WEIGHT - OUTDOOR (KG) : 94.0

PIPING CONNECTIONS (SMALL / LARGE) (MM) : 9.52/19.05

DRAIN PIPE DIAMETER (I.D./O.D.) (MM) : 22.0/25.6

OPERATION RANGE (°CDB) : 0 to 52

REFRIGERANT : R22

",182000,,China,White,GENERAL,Compressor: 2 years; Spare Parts: 1 year; After Sales Service: 1 year,ABG 36 FBAG,36000 BTU/h CEILING TYPE (410 Gas),E:\Noor Trade,General-Ceiling-Type-AC-ABG-36ABA-Price-in-BD.jpg,"Flow & Level Control>Heating & Cooling>Air Conditioners, Home Appliances>Air Conditioner"
38,General 4.0 Ton Ceiling Type AC ABG 45 FBAG,"Capacity: 4.0 Ton (45,000 BTU)
Powerful Cooling
Slim and Compact Design
Double Auto Swing
Wide and Long Airflow","BTU : 45000BTU

CAPACITY : 4.0 Ton

OUTDOOR UNIT MODEL : AOG45APA3L

POWER SOURCE (V/Ø/HZ) : 380-415/3/50

COOLING INPUT POWER (KW) : 4.45-4.57

EER (COOLING) : 2.79-2.78

RUNNING CURRENT (A) : 7.50

MOISTURE REMOVAL (I/H) : 5.5

INDOOR AIRFLOW RATE (M3/H) : 1,850

NET DIMENSION - INDOOR (H X W X D) (MM) : 240 x 1,660 x 700

NET DIMENSION - OUTDOOR (H X W X D) (MM) : 1,152 x 940 x 370

NET WEIGHT - INDOOR (KG) : 48.0

NET WEIGHT - OUTDOOR (KG) : 102.0

PIPING CONNECTIONS (SMALL / LARGE) (MM) : 9.52/19.05

DRAIN PIPE DIAMETER (I.D./O.D.) (MM) : 22.0/25.6

OPERATION RANGE (°CDB) : 0 to 52

REFRIGERANT : R22

",195000,,China,White,GENERAL,Compressor: 2 years; Spare Parts: 1 year; After Sales Service: 1 year,ABG 45 FBAG,45000 BTU/h CEILING TYPE (410 Gas),E:\Noor Trade,General-Ceiling-Type-AC-ABG-36ABA-Price-in-BD.jpg,"Flow & Level Control>Heating & Cooling>Air Conditioners, Home Appliances>Air Conditioner"
39,General 4.5 Ton Ceiling Type AC ABG 54 FBAG,"Capacity: 4.5 Ton (54,000 BTU)
Powerful Cooling
Slim and Compact Design
Double Auto Swing
Wide and Long Airflow","BTU : 54000BTU

CAPACITY : 4.5 Ton

OUTDOOR UNIT MODEL : AOG54APA3L

POWER SOURCE (V/Ø/HZ) : 380-415/3/50

COOLING INPUT POWER (KW) : 5.20-5.25

EER (COOLING) : 2.67-2.69

RUNNING CURRENT (A) : 9.00-8.90

MOISTURE REMOVAL (I/H) : 6.0

INDOOR AIRFLOW RATE (M3/H) : 2,100

NET DIMENSION - INDOOR (H X W X D) (MM) : 240 x 1,660 x 700

NET DIMENSION - OUTDOOR (H X W X D) (MM) : 1,152 x 940 x 370

NET WEIGHT - INDOOR (KG) : 49.0

NET WEIGHT - OUTDOOR (KG) : 112.0

PIPING CONNECTIONS (SMALL / LARGE) (MM) : 9.52/19.05

DRAIN PIPE DIAMETER (I.D./O.D.) (MM) : 22.0/25.6

OPERATION RANGE (°CDB) : 0 to 52

REFRIGERANT : R22",208000,,China,White,GENERAL,Compressor: 2 years; Spare Parts: 1 year; After Sales Service: 1 year,ABG 54 FBAG,54000 BTU/h CEILING TYPE (410 Gas),E:\Noor Trade,General-Ceiling-Type-AC-ABG-36ABA-Price-in-BD.jpg,"Flow & Level Control>Heating & Cooling>Air Conditioners, Home Appliances>Air Conditioner"
40,General 2.5 Ton Cassette Type AC AUG 30 FUAR,"Capacity: 2.5 Ton (30,000 BTU)
2-4 Way Air Flow System
4-Step Swing
Powerful Cooling
Easy Maintenance Design","BTU : 30000BTU

CAPACITY : 2.5 Ton

OUTDOOR UNIT MODEL : AOG30AMBL

POWER SOURCE (V/Ø/HZ) : 220-240/1/50

COOLING INPUT POWER (KW) : 3.20-3.30

EER (COOLING) : 2.69-2.67

RUNNING CURRENT (A) : 14.70-14.50

MOISTURE REMOVAL (I/H) : 4.0

INDOOR AIRFLOW RATE (M3/H) : 1,200

NET DIMENSION - INDOOR (H X W X D) (MM) : 246 x 830 x 830

NET DIMENSION - OUTDOOR (H X W X D) (MM) : 900 x 900 x 350

NET WEIGHT - INDOOR (KG) : 34.0

NET WEIGHT - OUTDOOR (KG) : 79.0

PIPING CONNECTIONS (SMALL / LARGE) (MM) : 9.52/15.88

DRAIN PIPE DIAMETER (I.D./O.D.) (MM) : 25.0/32.0

OPERATION RANGE (°CDB) : 0 to 43

REFRIGERANT : R22

",136500,,China,White,GENERAL,Compressor: 2 years; Spare Parts: 1 year; After Sales Service: 1 year,AUG 30 FUAR,30000 BTU/h CASSETE TYPY(410 Gas),E:\Noor Trade,aug36fuas-2.png,"Flow & Level Control>Heating & Cooling>Air Conditioners, Home Appliances>Air Conditioner"
,,,,,,,,,,,,,,
,,,,,,,,,,,,,,
,,,,,,,,,,,,,,
"upto 50,000",,,,,,,,,,0.4,,,,
"50,000 to 100, 000",,,,,,,,,,0.35,,,,
"1,00,000+",,,,,,,,,,0.3,,,,
